<?xml version="1.0" encoding="UTF-8"?>
<!--
  ~  Copyright 1999-2018 Alibaba Group Holding Ltd.
  ~
  ~  Licensed under the Apache License, Version 2.0 (the "License");
  ~  you may not use this file except in compliance with the License.
  ~  You may obtain a copy of the License at
  ~
  ~       http://www.apache.org/licenses/LICENSE-2.0
  ~
  ~  Unless required by applicable law or agreed to in writing, software
  ~  distributed under the License is distributed on an "AS IS" BASIS,
  ~  WITHOUT WARRANTIES OR CONDITIONS OF ANY KIND, either express or implied.
  ~  See the License for the specific language governing permissions and
  ~  limitations under the License.
  -->

<configuration scan="true" scanPeriod="60 seconds" debug="false">
    <property name="LOG_HOME" value="logs/fescar-order"/>

    <appender name="stdout" class="ch.qos.logback.core.ConsoleAppender">
        <encoder class="ch.qos.logback.classic.encoder.PatternLayoutEncoder">
            <Pattern>%date{yyyy-MM-dd HH:mm:ss.SSS} %-5level[%thread]%logger{56}.%method:%L -%msg%n</Pattern>
        </encoder>
    </appender>

    <appender name="fescar-default"
              class="ch.qos.logback.core.rolling.RollingFileAppender">
        <file>${LOG_HOME}/fescar-server.log</file>
        <append>true</append>
        <rollingPolicy class="ch.qos.logback.core.rolling.SizeAndTimeBasedRollingPolicy">
            <fileNamePattern>${LOG_HOME}/fescar-client.log.%d{yyyy-MM-dd}.%i</fileNamePattern>
            <maxFileSize>2GB</maxFileSize>
            <MaxHistory>7</MaxHistory>
            <totalSizeCap>7GB</totalSizeCap>
            <cleanHistoryOnStart>true</cleanHistoryOnStart>
        </rollingPolicy>
        <encoder>
            <Pattern>%date %level %msg%n%n</Pattern>
            <charset>UTF-8</charset>
        </encoder>
    </appender>

    <logger name="com.alibaba.fescar.server.store.FileTransactionStoreManager" additivity="false">
        <level value="INFO"/>
        <appender-ref ref="fescar-default"/>
    </logger>

    <root level="DEBUG">
        <appender-ref ref="fescar-default"/>
        <appender-ref ref="stdout"/>
    </root>
</configuration>

